No,부품명,수량
1,스트립-15,4
2,스트립-11,6
3,스트립-9,2
4,스트립-5,4
5,스트립-5(S),2
6,앵글-25,4
7,앵글-19,4
8,앵글-11,2
9,앵글-9,2
10,앵글-7,2
11,앵글-3,2
12,이음판,2
13,ㄷ형브래킷(소),2
15,ㄱ형브래킷(대),6
16,ㄱ형브래킷(대),4
16A,ㄱ형브래킷 2×2,2
17,둔각브래킷,6
18,축 29cm,2
19,축 14cm,7
20,축 10cm,3
21,축 9cm,2
22,축 6.5cm,2
23,축 7.5cm,2
24,축 5cm,2
25,축 4cm,1
26,풀리(대),2
27,풀리(중),6
28,풀리(소),2
29,타이어풀리,10
30,휠판-8,2
32,피니언기어,3
33,평기어(소),2
34,평기어(대),1
35,다목적기어,2
36,크라운기어,2
37,워엄기어,1
38,스패너,2
39,스프링클립,5
40,드라이버,1
41,볼트 0.6cm,185
42,너트,200
43,와셔(소),83
44,와셔(대),2
45,실,2
46,지지판,2
47,ㄷ형스트립-3,4
48,ㄷ형스트립-5,4
49,ㄷ형스트립-7,2
50,플랜지판(소),2
51,플랜지판(대),1
52,조정부싱,6
53,양팔크랭크,1
54,멈춤나사,8
54A,구동기어 멈춤나사,1
55,평판(대),2
56,평판(소),2
57,나사봉 7.5cm,1
58,나사봉 5cm,1
59,원형스트립,4
60,평판-9,2
61,평판-7,2
62,평판-5,4
63,평판-3,4
64,면판휠,2
65,볼트 1.3cm,20
66,볼트 2cm,13
67,볼트 3cm,13
68,나사핀,1
69,프로펠러,1
70,역각브래킷,1
71,오각평판,2
72,삼각브래킷,2
73,훅,1
74,모서리브래킷(좌),1
75,모서리브래킷(우),1
76,상자형베어링,1
77,파워핸들,1
78,"고무밴드(소, 오렌지색)",4
79,"고무밴드(대, 파랑색)",2
80,플라스틱판 파랑 11×3,7
81,플라스틱판 빨강 7×5,3
82,플라스틱판 빨강 5×5,3
83,플라스틱판 파랑 5×3,5
84,플라스틱판 투명 5×3,2
85,플라스틱판 파랑 11×5,3
86,축이음쇠,1
87,반원판,2
88,곡면스트립,2
89,좁은스트립-5,6
90,좁은스트립-6,5
91,좁은스트립-7,4
92,좁은스트립-9,4
93,좁은스트립-3,4
94,타이어(소),4
97A,모터뭉치,1
100A,기어드모터,1
100B,구동기어뭉치,1
102,삼각플라스틱판,2
103,반원플라스틱판,2
104,체인,180
104A,링크체인,4
105,체인기어(소),4
106,체인기어(대),4
107,타이어(중),2
108,래크,2
109,사다리꼴플랜지판,2
110-1,베어링뭉치(상),1
110-2,베어링뭉치(가이드),1
110-3,체인기어(하),1
111,이동클립,2
112,축연결부싱,1
120B,콘넥터코드전선,3
122,공구상자,1
123,너트드라이버,1
124A,축상자(대),1
126,조립설명서 6호,1
127,스트립-25,4
128,트러스스트립-25,2
129,사각평판 3×5,2
130,삼각평판 3×5,4
131,바퀴평판,4
132,앵글-2,4
133,조향브래킷,2
137,십자축 5cm,2
138,사각홀고무부싱,14
139,플라스틱부싱 0.6cm,19
140,2단평기어(소),3
141,십자홀 2단평기어,2
142,십자홀 피니언,4
143,십자홀 체인기어,2
144,2단풀리,1
145,피니언풀리,1
147,캐노피,4
148,래크홀더,2
149,부품상자(대),3
151,타이어(대),6
153,스위치상자,1
153B,조이스틱스위치상자,1
155,5·6호 가이드북,1
161,실리콘부싱 0.6cm,4
168,플랜지판 2×5,2
169,플랜지판 2×7,2
177,사각머리볼트 0.8cm,4
